Id,Class
33,"placeholder"
34,"placeholder"
35,"placeholder"
36,"placeholder"
69,"placeholder"
70,"placeholder"
71,"placeholder"
72,"placeholder"
103,"placeholder"
104,"placeholder"
105,"placeholder"
106,"placeholder"
137,"placeholder"
138,"placeholder"
139,"placeholder"
140,"placeholder"
168,"placeholder"
169,"placeholder"
170,"placeholder"
199,"placeholder"
200,"placeholder"
201,"placeholder"
202,"placeholder"
235,"placeholder"
236,"placeholder"
237,"placeholder"
238,"placeholder"
271,"placeholder"
272,"placeholder"
273,"placeholder"
274,"placeholder"
307,"placeholder"
308,"placeholder"
309,"placeholder"
310,"placeholder"
343,"placeholder"
344,"placeholder"
345,"placeholder"
346,"placeholder"
379,"placeholder"
380,"placeholder"
381,"placeholder"
382,"placeholder"
415,"placeholder"
416,"placeholder"
417,"placeholder"
418,"placeholder"
451,"placeholder"
452,"placeholder"
453,"placeholder"
454,"placeholder"
487,"placeholder"
488,"placeholder"
489,"placeholder"
490,"placeholder"
523,"placeholder"
524,"placeholder"
525,"placeholder"
526,"placeholder"
558,"placeholder"
559,"placeholder"
560,"placeholder"
561,"placeholder"
594,"placeholder"
595,"placeholder"
596,"placeholder"
597,"placeholder"
652,"placeholder"
653,"placeholder"
654,"placeholder"
655,"placeholder"
656,"placeholder"
657,"placeholder"
712,"placeholder"
713,"placeholder"
714,"placeholder"
715,"placeholder"
716,"placeholder"
717,"placeholder"
772,"placeholder"
773,"placeholder"
774,"placeholder"
775,"placeholder"
776,"placeholder"
777,"placeholder"
832,"placeholder"
833,"placeholder"
834,"placeholder"
835,"placeholder"
836,"placeholder"
837,"placeholder"
892,"placeholder"
893,"placeholder"
894,"placeholder"
895,"placeholder"
896,"placeholder"
897,"placeholder"
952,"placeholder"
953,"placeholder"
954,"placeholder"
955,"placeholder"
956,"placeholder"
957,"placeholder"
1012,"placeholder"
1013,"placeholder"
1014,"placeholder"
1015,"placeholder"
1016,"placeholder"
1017,"placeholder"
1072,"placeholder"
1073,"placeholder"
1074,"placeholder"
1075,"placeholder"
1076,"placeholder"
1077,"placeholder"
1132,"placeholder"
1133,"placeholder"
1134,"placeholder"
1135,"placeholder"
1136,"placeholder"
1137,"placeholder"
1192,"placeholder"
1193,"placeholder"
1194,"placeholder"
1195,"placeholder"
1196,"placeholder"
1197,"placeholder"
1252,"placeholder"
1253,"placeholder"
1254,"placeholder"
1255,"placeholder"
1256,"placeholder"
1257,"placeholder"
1312,"placeholder"
1313,"placeholder"
1314,"placeholder"
1315,"placeholder"
1316,"placeholder"
1317,"placeholder"
1372,"placeholder"
1373,"placeholder"
1374,"placeholder"
1375,"placeholder"
1376,"placeholder"
1377,"placeholder"
1432,"placeholder"
1433,"placeholder"
1434,"placeholder"
1435,"placeholder"
1436,"placeholder"
1437,"placeholder"
1492,"placeholder"
1493,"placeholder"
1494,"placeholder"
1495,"placeholder"
1496,"placeholder"
1497,"placeholder"
1552,"placeholder"
1553,"placeholder"
1554,"placeholder"
1555,"placeholder"
1556,"placeholder"
1557,"placeholder"
1611,"placeholder"
1612,"placeholder"
1613,"placeholder"
1614,"placeholder"
1615,"placeholder"
1616,"placeholder"
1671,"placeholder"
1672,"placeholder"
1673,"placeholder"
1674,"placeholder"
1675,"placeholder"
1676,"placeholder"
1731,"placeholder"
1732,"placeholder"
1733,"placeholder"
1734,"placeholder"
1735,"placeholder"
1736,"placeholder"
1791,"placeholder"
1792,"placeholder"
1793,"placeholder"
1794,"placeholder"
1795,"placeholder"
1796,"placeholder"
1851,"placeholder"
1852,"placeholder"
1853,"placeholder"
1854,"placeholder"
1855,"placeholder"
1856,"placeholder"
1911,"placeholder"
1912,"placeholder"
1913,"placeholder"
1914,"placeholder"
1915,"placeholder"
1916,"placeholder"
1971,"placeholder"
1972,"placeholder"
1973,"placeholder"
1974,"placeholder"
1975,"placeholder"
1976,"placeholder"
2031,"placeholder"
2032,"placeholder"
2033,"placeholder"
2034,"placeholder"
2035,"placeholder"
2036,"placeholder"
2091,"placeholder"
2092,"placeholder"
2093,"placeholder"
2094,"placeholder"
2095,"placeholder"
2096,"placeholder"
2151,"placeholder"
2152,"placeholder"
2153,"placeholder"
2154,"placeholder"
2155,"placeholder"
2156,"placeholder"
2211,"placeholder"
2212,"placeholder"
2213,"placeholder"
2214,"placeholder"
2215,"placeholder"
2216,"placeholder"
2249,"placeholder"
2250,"placeholder"
2251,"placeholder"
2252,"placeholder"
2285,"placeholder"
2286,"placeholder"
2287,"placeholder"
2288,"placeholder"
2320,"placeholder"
2321,"placeholder"
2322,"placeholder"
2323,"placeholder"
2356,"placeholder"
2357,"placeholder"
2358,"placeholder"
2359,"placeholder"
2392,"placeholder"
2393,"placeholder"
2394,"placeholder"
2395,"placeholder"
2428,"placeholder"
2429,"placeholder"
2430,"placeholder"
2431,"placeholder"
2464,"placeholder"
2465,"placeholder"
2466,"placeholder"
2467,"placeholder"
2500,"placeholder"
2501,"placeholder"
2502,"placeholder"
2503,"placeholder"
2536,"placeholder"
2537,"placeholder"
2538,"placeholder"
2539,"placeholder"
2572,"placeholder"
2573,"placeholder"
2574,"placeholder"
2575,"placeholder"
2608,"placeholder"
2609,"placeholder"
2610,"placeholder"
2611,"placeholder"
2644,"placeholder"
2645,"placeholder"
2646,"placeholder"
2647,"placeholder"
2680,"placeholder"
2681,"placeholder"
2682,"placeholder"
2683,"placeholder"
2716,"placeholder"
2717,"placeholder"
2718,"placeholder"
2719,"placeholder"
2752,"placeholder"
2753,"placeholder"
2754,"placeholder"
2755,"placeholder"
2810,"placeholder"
2811,"placeholder"
2812,"placeholder"
2813,"placeholder"
2814,"placeholder"
2815,"placeholder"
2816,"placeholder"
2872,"placeholder"
2873,"placeholder"
2874,"placeholder"
2875,"placeholder"
2876,"placeholder"
2877,"placeholder"
2878,"placeholder"
2911,"placeholder"
2912,"placeholder"
2913,"placeholder"
2914,"placeholder"
2947,"placeholder"
2948,"placeholder"
2949,"placeholder"
2950,"placeholder"
2983,"placeholder"
2984,"placeholder"
2985,"placeholder"
2986,"placeholder"
3017,"placeholder"
3018,"placeholder"
3019,"placeholder"
3020,"placeholder"
3053,"placeholder"
3054,"placeholder"
3055,"placeholder"
3056,"placeholder"
3089,"placeholder"
3090,"placeholder"
3091,"placeholder"
3092,"placeholder"
3125,"placeholder"
3126,"placeholder"
3127,"placeholder"
3128,"placeholder"
3161,"placeholder"
3162,"placeholder"
3163,"placeholder"
3164,"placeholder"
3197,"placeholder"
3198,"placeholder"
3199,"placeholder"
3200,"placeholder"
3233,"placeholder"
3234,"placeholder"
3235,"placeholder"
3236,"placeholder"
3269,"placeholder"
3270,"placeholder"
3271,"placeholder"
3272,"placeholder"
3305,"placeholder"
3306,"placeholder"
3307,"placeholder"
3308,"placeholder"
3341,"placeholder"
3342,"placeholder"
3343,"placeholder"
3344,"placeholder"
3377,"placeholder"
3378,"placeholder"
3379,"placeholder"
3380,"placeholder"
3413,"placeholder"
3414,"placeholder"
3415,"placeholder"
3416,"placeholder"
3449,"placeholder"
3450,"placeholder"
3451,"placeholder"
3452,"placeholder"
3485,"placeholder"
3486,"placeholder"
3487,"placeholder"
3488,"placeholder"
3521,"placeholder"
3522,"placeholder"
3523,"placeholder"
3524,"placeholder"
3557,"placeholder"
3558,"placeholder"
3559,"placeholder"
3560,"placeholder"
3593,"placeholder"
3594,"placeholder"
3595,"placeholder"
3596,"placeholder"
3629,"placeholder"
3630,"placeholder"
3631,"placeholder"
3632,"placeholder"
3665,"placeholder"
3666,"placeholder"
3667,"placeholder"
3668,"placeholder"
3701,"placeholder"
3702,"placeholder"
3703,"placeholder"
3704,"placeholder"
3737,"placeholder"
3738,"placeholder"
3739,"placeholder"
3740,"placeholder"
3773,"placeholder"
3774,"placeholder"
3775,"placeholder"
3776,"placeholder"
3809,"placeholder"
3810,"placeholder"
3811,"placeholder"
3812,"placeholder"
3845,"placeholder"
3846,"placeholder"
3847,"placeholder"
3848,"placeholder"
3867,"placeholder"
3868,"placeholder"
3869,"placeholder"
3896,"placeholder"
3897,"placeholder"
3898,"placeholder"
3931,"placeholder"
3932,"placeholder"
3933,"placeholder"
3934,"placeholder"
3967,"placeholder"
3968,"placeholder"
3969,"placeholder"
3970,"placeholder"
4001,"placeholder"
4002,"placeholder"
4003,"placeholder"
4004,"placeholder"
4035,"placeholder"
4036,"placeholder"
4037,"placeholder"
4038,"placeholder"
4071,"placeholder"
4072,"placeholder"
4073,"placeholder"
4074,"placeholder"
4107,"placeholder"
4108,"placeholder"
4109,"placeholder"
4110,"placeholder"
4143,"placeholder"
4144,"placeholder"
4145,"placeholder"
4146,"placeholder"
4174,"placeholder"
4175,"placeholder"
4176,"placeholder"
4209,"placeholder"
4210,"placeholder"
4211,"placeholder"
4212,"placeholder"
4243,"placeholder"
4244,"placeholder"
4245,"placeholder"
4246,"placeholder"
4279,"placeholder"
4280,"placeholder"
4281,"placeholder"
4282,"placeholder"
4315,"placeholder"
4316,"placeholder"
4317,"placeholder"
4318,"placeholder"
4351,"placeholder"
4352,"placeholder"
4353,"placeholder"
4354,"placeholder"
4387,"placeholder"
4388,"placeholder"
4389,"placeholder"
4390,"placeholder"
4423,"placeholder"
4424,"placeholder"
4425,"placeholder"
4426,"placeholder"
4459,"placeholder"
4460,"placeholder"
4461,"placeholder"
4462,"placeholder"
4495,"placeholder"
4496,"placeholder"
4497,"placeholder"
4498,"placeholder"
4531,"placeholder"
4532,"placeholder"
4533,"placeholder"
4534,"placeholder"
4567,"placeholder"
4568,"placeholder"
4569,"placeholder"
4570,"placeholder"
4603,"placeholder"
4604,"placeholder"
4605,"placeholder"
4606,"placeholder"
4639,"placeholder"
4640,"placeholder"
4641,"placeholder"
4642,"placeholder"
4675,"placeholder"
4676,"placeholder"
4677,"placeholder"
4678,"placeholder"
4711,"placeholder"
4712,"placeholder"
4713,"placeholder"
4714,"placeholder"
4747,"placeholder"
4748,"placeholder"
4749,"placeholder"
4750,"placeholder"
4783,"placeholder"
4784,"placeholder"
4785,"placeholder"
4786,"placeholder"
4819,"placeholder"
4820,"placeholder"
4821,"placeholder"
4822,"placeholder"
4855,"placeholder"
4856,"placeholder"
4857,"placeholder"
4858,"placeholder"
4891,"placeholder"
4892,"placeholder"
4893,"placeholder"
4894,"placeholder"
4927,"placeholder"
4928,"placeholder"
4929,"placeholder"
4930,"placeholder"
4963,"placeholder"
4964,"placeholder"
4965,"placeholder"
4966,"placeholder"
4999,"placeholder"
5000,"placeholder"
5001,"placeholder"
5002,"placeholder"
5035,"placeholder"
5036,"placeholder"
5037,"placeholder"
5038,"placeholder"
5071,"placeholder"
5072,"placeholder"
5073,"placeholder"
5074,"placeholder"
5107,"placeholder"
5108,"placeholder"
5109,"placeholder"
5110,"placeholder"
5143,"placeholder"
5144,"placeholder"
5145,"placeholder"
5146,"placeholder"
5179,"placeholder"
5180,"placeholder"
5181,"placeholder"
5182,"placeholder"
5215,"placeholder"
5216,"placeholder"
5217,"placeholder"
5218,"placeholder"
5251,"placeholder"
5252,"placeholder"
5253,"placeholder"
5254,"placeholder"
5287,"placeholder"
5288,"placeholder"
5289,"placeholder"
5290,"placeholder"
5323,"placeholder"
5324,"placeholder"
5325,"placeholder"
5326,"placeholder"
5359,"placeholder"
5360,"placeholder"
5361,"placeholder"
5362,"placeholder"
5395,"placeholder"
5396,"placeholder"
5397,"placeholder"
5398,"placeholder"
5431,"placeholder"
5432,"placeholder"
5433,"placeholder"
5434,"placeholder"
5467,"placeholder"
5468,"placeholder"
5469,"placeholder"
5470,"placeholder"
5503,"placeholder"
5504,"placeholder"
5505,"placeholder"
5506,"placeholder"
5539,"placeholder"
5540,"placeholder"
5541,"placeholder"
5542,"placeholder"
5575,"placeholder"
5576,"placeholder"
5577,"placeholder"
5578,"placeholder"
5611,"placeholder"
5612,"placeholder"
5613,"placeholder"
5614,"placeholder"
5647,"placeholder"
5648,"placeholder"
5649,"placeholder"
5650,"placeholder"
5683,"placeholder"
5684,"placeholder"
5685,"placeholder"
5686,"placeholder"
5719,"placeholder"
5720,"placeholder"
5721,"placeholder"
5722,"placeholder"
5755,"placeholder"
5756,"placeholder"
5757,"placeholder"
5758,"placeholder"
5791,"placeholder"
5792,"placeholder"
5793,"placeholder"
5794,"placeholder"
5827,"placeholder"
5828,"placeholder"
5829,"placeholder"
5830,"placeholder"
5863,"placeholder"
5864,"placeholder"
5865,"placeholder"
5866,"placeholder"
5899,"placeholder"
5900,"placeholder"
5901,"placeholder"
5902,"placeholder"
5935,"placeholder"
5936,"placeholder"
5937,"placeholder"
5938,"placeholder"
5971,"placeholder"
5972,"placeholder"
5973,"placeholder"
5974,"placeholder"
6007,"placeholder"
6008,"placeholder"
6009,"placeholder"
6010,"placeholder"
6043,"placeholder"
6044,"placeholder"
6045,"placeholder"
6046,"placeholder"
6079,"placeholder"
6080,"placeholder"
6081,"placeholder"
6082,"placeholder"
6115,"placeholder"
6116,"placeholder"
6117,"placeholder"
6118,"placeholder"
6151,"placeholder"
6152,"placeholder"
6153,"placeholder"
6154,"placeholder"
6187,"placeholder"
6188,"placeholder"
6189,"placeholder"
6190,"placeholder"
6223,"placeholder"
6224,"placeholder"
6225,"placeholder"
6226,"placeholder"
6259,"placeholder"
6260,"placeholder"
6261,"placeholder"
6262,"placeholder"
6295,"placeholder"
6296,"placeholder"
6297,"placeholder"
6298,"placeholder"
6331,"placeholder"
6332,"placeholder"
6333,"placeholder"
6334,"placeholder"
6367,"placeholder"
6368,"placeholder"
6369,"placeholder"
6370,"placeholder"
6403,"placeholder"
6404,"placeholder"
6405,"placeholder"
6406,"placeholder"
6439,"placeholder"
6440,"placeholder"
6441,"placeholder"
6442,"placeholder"
6475,"placeholder"
6476,"placeholder"
6477,"placeholder"
6478,"placeholder"
6493,"placeholder"
6494,"placeholder"
6527,"placeholder"
6528,"placeholder"
6529,"placeholder"
6530,"placeholder"
6563,"placeholder"
6564,"placeholder"
6565,"placeholder"
6566,"placeholder"
6599,"placeholder"
6600,"placeholder"
6601,"placeholder"
6602,"placeholder"
6635,"placeholder"
6636,"placeholder"
6637,"placeholder"
6638,"placeholder"
6671,"placeholder"
6672,"placeholder"
6673,"placeholder"
6674,"placeholder"
6707,"placeholder"
6708,"placeholder"
6709,"placeholder"
6710,"placeholder"
6743,"placeholder"
6744,"placeholder"
6745,"placeholder"
6746,"placeholder"
6779,"placeholder"
6780,"placeholder"
6781,"placeholder"
6782,"placeholder"
6815,"placeholder"
6816,"placeholder"
6817,"placeholder"
6818,"placeholder"
6851,"placeholder"
6852,"placeholder"
6853,"placeholder"
6854,"placeholder"
6887,"placeholder"
6888,"placeholder"
6889,"placeholder"
6890,"placeholder"
6923,"placeholder"
6924,"placeholder"
6925,"placeholder"
6926,"placeholder"
6959,"placeholder"
6960,"placeholder"
6961,"placeholder"
6962,"placeholder"
6995,"placeholder"
6996,"placeholder"
6997,"placeholder"
6998,"placeholder"
7031,"placeholder"
7032,"placeholder"
7033,"placeholder"
7034,"placeholder"
7067,"placeholder"
7068,"placeholder"
7069,"placeholder"
7070,"placeholder"
7103,"placeholder"
7104,"placeholder"
7105,"placeholder"
7106,"placeholder"
7139,"placeholder"
7140,"placeholder"
7141,"placeholder"
7142,"placeholder"
7162,"placeholder"
7163,"placeholder"
7164,"placeholder"
7197,"placeholder"
7198,"placeholder"
7199,"placeholder"
7200,"placeholder"
7233,"placeholder"
7234,"placeholder"
7235,"placeholder"
7236,"placeholder"
7265,"placeholder"
7266,"placeholder"
7267,"placeholder"
7268,"placeholder"
7292,"placeholder"
7293,"placeholder"
7294,"placeholder"
7327,"placeholder"
7328,"placeholder"
7329,"placeholder"
7330,"placeholder"
7363,"placeholder"
7364,"placeholder"
7365,"placeholder"
7366,"placeholder"
7394,"placeholder"
7395,"placeholder"
7396,"placeholder"
7427,"placeholder"
7428,"placeholder"
7429,"placeholder"
7430,"placeholder"
7459,"placeholder"
7460,"placeholder"
7461,"placeholder"
7462,"placeholder"
7491,"placeholder"
7492,"placeholder"
7493,"placeholder"
7494,"placeholder"
7527,"placeholder"
7528,"placeholder"
7529,"placeholder"
7530,"placeholder"
7563,"placeholder"
7564,"placeholder"
7565,"placeholder"
7566,"placeholder"
7597,"placeholder"
7598,"placeholder"
7599,"placeholder"
7600,"placeholder"
7633,"placeholder"
7634,"placeholder"
7635,"placeholder"
7636,"placeholder"
7669,"placeholder"
7670,"placeholder"
7671,"placeholder"
7672,"placeholder"
7705,"placeholder"
7706,"placeholder"
7707,"placeholder"
7708,"placeholder"
7741,"placeholder"
7742,"placeholder"
7743,"placeholder"
7744,"placeholder"
7777,"placeholder"
7778,"placeholder"
7779,"placeholder"
7780,"placeholder"
7813,"placeholder"
7814,"placeholder"
7815,"placeholder"
7816,"placeholder"
7849,"placeholder"
7850,"placeholder"
7851,"placeholder"
7852,"placeholder"
7885,"placeholder"
7886,"placeholder"
7887,"placeholder"
7888,"placeholder"
7921,"placeholder"
7922,"placeholder"
7923,"placeholder"
7924,"placeholder"
7957,"placeholder"
7958,"placeholder"
7959,"placeholder"
7960,"placeholder"
7993,"placeholder"
7994,"placeholder"
7995,"placeholder"
7996,"placeholder"
8029,"placeholder"
8030,"placeholder"
8031,"placeholder"
8032,"placeholder"
8065,"placeholder"
8066,"placeholder"
8067,"placeholder"
8068,"placeholder"
8101,"placeholder"
8102,"placeholder"
8103,"placeholder"
8104,"placeholder"
8129,"placeholder"
8130,"placeholder"
8131,"placeholder"
8150,"placeholder"
8151,"placeholder"
8152,"placeholder"
8243,"placeholder"
8244,"placeholder"
8245,"placeholder"
8246,"placeholder"
8247,"placeholder"
8248,"placeholder"
8249,"placeholder"
8250,"placeholder"
8251,"placeholder"
8252,"placeholder"
8343,"placeholder"
8344,"placeholder"
8345,"placeholder"
8346,"placeholder"
8347,"placeholder"
8348,"placeholder"
8349,"placeholder"
8350,"placeholder"
8351,"placeholder"
8352,"placeholder"
8443,"placeholder"
8444,"placeholder"
8445,"placeholder"
8446,"placeholder"
8447,"placeholder"
8448,"placeholder"
8449,"placeholder"
8450,"placeholder"
8451,"placeholder"
8452,"placeholder"
8543,"placeholder"
8544,"placeholder"
8545,"placeholder"
8546,"placeholder"
8547,"placeholder"
8548,"placeholder"
8549,"placeholder"
8550,"placeholder"
8551,"placeholder"
8552,"placeholder"
8643,"placeholder"
8644,"placeholder"
8645,"placeholder"
8646,"placeholder"
8647,"placeholder"
8648,"placeholder"
8649,"placeholder"
8650,"placeholder"
8651,"placeholder"
8652,"placeholder"
8743,"placeholder"
8744,"placeholder"
8745,"placeholder"
8746,"placeholder"
8747,"placeholder"
8748,"placeholder"
8749,"placeholder"
8750,"placeholder"
8751,"placeholder"
8752,"placeholder"
8775,"placeholder"
8776,"placeholder"
8777,"placeholder"
8800,"placeholder"
8801,"placeholder"
8802,"placeholder"
8825,"placeholder"
8826,"placeholder"
8827,"placeholder"
8850,"placeholder"
8851,"placeholder"
8852,"placeholder"
8875,"placeholder"
8876,"placeholder"
8877,"placeholder"
8900,"placeholder"
8901,"placeholder"
8902,"placeholder"
8926,"placeholder"
8927,"placeholder"
8951,"placeholder"
8952,"placeholder"
8953,"placeholder"
8976,"placeholder"
8978,"placeholder"
9001,"placeholder"
9002,"placeholder"
9003,"placeholder"
9026,"placeholder"
9027,"placeholder"
9028,"placeholder"
9051,"placeholder"
9053,"placeholder"
9076,"placeholder"
9077,"placeholder"
9078,"placeholder"
9101,"placeholder"
9102,"placeholder"
9103,"placeholder"
9126,"placeholder"
9127,"placeholder"
9128,"placeholder"
9151,"placeholder"
9152,"placeholder"
9153,"placeholder"
9176,"placeholder"
9177,"placeholder"
9178,"placeholder"
9202,"placeholder"
9204,"placeholder"
9227,"placeholder"
9228,"placeholder"
9229,"placeholder"
9252,"placeholder"
9253,"placeholder"
9254,"placeholder"
9277,"placeholder"
9278,"placeholder"
9279,"placeholder"
9302,"placeholder"
9303,"placeholder"
9304,"placeholder"
9327,"placeholder"
9328,"placeholder"
9352,"placeholder"
9353,"placeholder"
9354,"placeholder"
9377,"placeholder"
9378,"placeholder"
9379,"placeholder"
9402,"placeholder"
9403,"placeholder"
9404,"placeholder"
9427,"placeholder"
9428,"placeholder"
9429,"placeholder"
9452,"placeholder"
9453,"placeholder"
9454,"placeholder"
9477,"placeholder"
9478,"placeholder"
9479,"placeholder"
9502,"placeholder"
9503,"placeholder"
9504,"placeholder"
9527,"placeholder"
9528,"placeholder"
9529,"placeholder"
9552,"placeholder"
9553,"placeholder"
9554,"placeholder"
9577,"placeholder"
9578,"placeholder"
9579,"placeholder"
9602,"placeholder"
9603,"placeholder"
9604,"placeholder"
9627,"placeholder"
9628,"placeholder"
9629,"placeholder"
9652,"placeholder"
9653,"placeholder"
9654,"placeholder"
9677,"placeholder"
9678,"placeholder"
9679,"placeholder"
9703,"placeholder"
9704,"placeholder"
9705,"placeholder"
9730,"placeholder"
9731,"placeholder"
9732,"placeholder"
9746,"placeholder"
9747,"placeholder"
9769,"placeholder"
9770,"placeholder"
9771,"placeholder"
9804,"placeholder"
9805,"placeholder"
9806,"placeholder"
9807,"placeholder"
9835,"placeholder"
9836,"placeholder"
9837,"placeholder"
9861,"placeholder"
9862,"placeholder"
9863,"placeholder"
9884,"placeholder"
9885,"placeholder"
9886,"placeholder"
9908,"placeholder"
9909,"placeholder"
9910,"placeholder"
9938,"placeholder"
9939,"placeholder"
9940,"placeholder"
9941,"placeholder"
9966,"placeholder"
9967,"placeholder"
9968,"placeholder"
9994,"placeholder"
9995,"placeholder"
9996,"placeholder"
10020,"placeholder"
10021,"placeholder"
10022,"placeholder"
10042,"placeholder"
10043,"placeholder"
10044,"placeholder"
10073,"placeholder"
10074,"placeholder"
10075,"placeholder"
10076,"placeholder"
10099,"placeholder"
10100,"placeholder"
10101,"placeholder"
10123,"placeholder"
10124,"placeholder"
10125,"placeholder"
10147,"placeholder"
10148,"placeholder"
10149,"placeholder"
10171,"placeholder"
10172,"placeholder"
10173,"placeholder"
10194,"placeholder"
10195,"placeholder"
10196,"placeholder"
10214,"placeholder"
10215,"placeholder"
10239,"placeholder"
10240,"placeholder"
10241,"placeholder"
10268,"placeholder"
10269,"placeholder"
10270,"placeholder"
10300,"placeholder"
10301,"placeholder"
10302,"placeholder"
10303,"placeholder"
10329,"placeholder"
10330,"placeholder"
10331,"placeholder"
10358,"placeholder"
10359,"placeholder"
10360,"placeholder"
10382,"placeholder"
10383,"placeholder"
10384,"placeholder"
10410,"placeholder"
10411,"placeholder"
10412,"placeholder"
10434,"placeholder"
10435,"placeholder"
10436,"placeholder"
10459,"placeholder"
10460,"placeholder"
10461,"placeholder"
10485,"placeholder"
10486,"placeholder"
10487,"placeholder"
10512,"placeholder"
10513,"placeholder"
10514,"placeholder"
10538,"placeholder"
10539,"placeholder"
10540,"placeholder"
10564,"placeholder"
10565,"placeholder"
10566,"placeholder"
10592,"placeholder"
10593,"placeholder"
10594,"placeholder"
10625,"placeholder"
10626,"placeholder"
10627,"placeholder"
10656,"placeholder"
10657,"placeholder"
10658,"placeholder"
10659,"placeholder"
10688,"placeholder"
10689,"placeholder"
10690,"placeholder"
10691,"placeholder"
10713,"placeholder"
10714,"placeholder"
10715,"placeholder"
10742,"placeholder"
10743,"placeholder"
10744,"placeholder"
10767,"placeholder"
10768,"placeholder"
10769,"placeholder"
10797,"placeholder"
10798,"placeholder"
10799,"placeholder"
10908,"placeholder"
10909,"placeholder"
10910,"placeholder"
10911,"placeholder"
10912,"placeholder"
10913,"placeholder"
10914,"placeholder"
10915,"placeholder"
10916,"placeholder"
10917,"placeholder"
10918,"placeholder"
10919,"placeholder"
11006,"placeholder"
11007,"placeholder"
11008,"placeholder"
11009,"placeholder"
11010,"placeholder"
11011,"placeholder"
11012,"placeholder"
11013,"placeholder"
11014,"placeholder"
11015,"placeholder"
11124,"placeholder"
11125,"placeholder"
11126,"placeholder"
11127,"placeholder"
11128,"placeholder"
11129,"placeholder"
11130,"placeholder"
11131,"placeholder"
11132,"placeholder"
11133,"placeholder"
11134,"placeholder"
11135,"placeholder"
11174,"placeholder"
11175,"placeholder"
11176,"placeholder"
11177,"placeholder"
11178,"placeholder"
11243,"placeholder"
11244,"placeholder"
11245,"placeholder"
11246,"placeholder"
11247,"placeholder"
11248,"placeholder"
11249,"placeholder"
11250,"placeholder"
11274,"placeholder"
11275,"placeholder"
11276,"placeholder"
11304,"placeholder"
11305,"placeholder"
11306,"placeholder"
11307,"placeholder"
11330,"placeholder"
11331,"placeholder"
11332,"placeholder"
11360,"placeholder"
11361,"placeholder"
11362,"placeholder"
11381,"placeholder"
11382,"placeholder"
11383,"placeholder"
11411,"placeholder"
11412,"placeholder"
11413,"placeholder"
11431,"placeholder"
11432,"placeholder"
11457,"placeholder"
11458,"placeholder"
11459,"placeholder"
11486,"placeholder"
11487,"placeholder"
11488,"placeholder"
11516,"placeholder"
11517,"placeholder"
11518,"placeholder"
11519,"placeholder"
11550,"placeholder"
11551,"placeholder"
11552,"placeholder"
11553,"placeholder"
11586,"placeholder"
11587,"placeholder"
11588,"placeholder"
11589,"placeholder"
11617,"placeholder"
11618,"placeholder"
11619,"placeholder"
11653,"placeholder"
11654,"placeholder"
11655,"placeholder"
11656,"placeholder"
